employee_id,employee_name,region,total_sales,effectiveness
1,angela_marks,North,75912.6,0.73
2,richard_ayala,South,55019.09,0.88
3,dr_mark_bailey,South,37066.43,0.66
4,mark_miller,South,47485.74,0.74
5,zachary_bond,West,74696.77,0.65
6,joanna_roberts,North,28973.34,0.69
7,jessica_williams,East,10295.13,0.68
8,mitchell_thomas,East,71050.8,0.9
9,calvin_nguyen,South,44159.28,0.7
10,sarah_jones,North,44059.92,0.77
11,michelle_roberts,North,30947.42,0.92
12,connie_jenkins,South,40818.4,0.85
13,james_drake,West,90471.63,0.7
14,edward_cooper,South,65005.4,0.66
15,grace_smith,North,14682.21,0.82
16,ashlee_mcdaniel,South,68332.82,0.66
17,gregory_gutierrez,South,37293.39,0.87
18,michael_garza,East,70786.83,0.6
19,mark_bentley,East,18645.14,0.84
20,lisa_taylor,West,56554.73,0.66
21,jill_mcdonald,East,19042.52,0.77
22,samantha_wallace,North,54407.34,0.93
23,michelle_hernandez,South,70666.37,0.83
24,bridget_chapman,North,13438.87,0.83
25,frank_walker,North,37720.77,0.75
26,thomas_oliver,West,10783.09,0.78
27,jason_gonzalez,North,22210.78,0.91
28,jaime_chang,South,49647.12,0.68
29,gabriel_scott,West,53952.69,0.89
30,renee_howard,West,63906.86,0.86
31,derrick_ross,East,81313.45,0.77
32,lisa_potts,East,72684.68,0.76
33,dr_scott_grant,East,24360.67,0.79
34,thomas_vega,North,61649.49,0.81
35,melissa_rogers,North,27109.95,0.9
36,james_gibson,North,83111.15,0.82
37,sonya_donaldson,South,76720.7,0.7
38,bethany_white,West,96073.51,0.62
39,james_johnson,North,56564.59,0.83
40,robert_lucas,South,34962.55,0.74
41,richard_cabrera,West,13386.25,0.68
42,tracy_hutchinson,South,26233.94,0.72
43,joseph_jennings,East,16822.62,0.67
44,maria_hernandez,South,29464.58,0.72
45,william_rios,East,30705.67,0.91
46,sherry_williams,South,24719.14,0.75
47,john_rodriguez,East,30607.63,0.88
48,joseph_johnson,North,13011.85,0.75
49,rebecca_evans,South,58340.14,0.6
50,amy_hebert,East,45286.02,0.71
51,jason_rivera,West,62591.41,0.91
52,gary_duncan,North,50050.6,0.8
53,william_saunders,East,79134.65,0.67
54,nathan_gibson,South,79164.46,0.61
55,joseph_hill,North,96861.57,0.87
56,andrea_nelson,West,92244.56,0.94
57,kelly_goodwin,North,55034.61,0.81
58,scott_logan,South,31357.62,0.74
59,jennifer_ramirez,East,53577.37,0.71
60,madeline_weber,South,11773.32,0.94
61,jerry_ramos,West,75044.71,0.62
62,steven_estrada,East,79866.23,0.9
63,miranda_williams,South,79743.24,0.61
64,theresa_howard,West,47026.52,0.79
65,christina_kelley,North,50245.51,0.88
66,christopher_holmes,North,63845.78,0.78
67,maria_rose,East,74538.46,0.7
68,brandon_lewis,North,87205.38,0.68
69,meagan_salas,South,92977.19,0.93
70,william_hines,East,97620.05,0.82
71,sarah_robbins,South,42437.93,0.81
72,james_griffin,East,93640.49,0.82
73,valerie_reilly,West,49639.25,0.92
74,tammy_murphy,South,90246.52,0.81
75,christopher_crane,North,76838.87,0.68
76,erica_bryan,West,19619.17,0.94
77,jeremy_robles,North,16230.79,0.9
78,cynthia_hull,South,74020.04,0.85
79,christopher_buckley,East,40595.01,0.64
80,gabrielle_pratt,East,70179.87,0.82
81,vincent_shields,West,74116.69,0.92
82,mackenzie_frederick,North,98232.48,0.77
83,donna_costa,West,23945.63,0.62
84,brian_hansen,West,55689.67,0.9
85,frances_wilson,East,41253.66,0.84
86,ricky_harmon,North,55615.67,0.89
87,darlene_wolfe,North,40451.96,0.92
88,christopher_taylor,West,74176.71,0.78
89,brett_barker,West,72479.53,0.84
90,timothy_johnson,West,98065.63,0.83
91,sarah_robinson,West,17704.54,0.89
92,angela_hunt,North,73844.21,0.7
93,teresa_rodriguez,East,30902.56,0.72
94,michelle_acosta,North,95451.49,0.73
95,samantha_collier,South,23379.91,0.61
96,denise_howard,West,43998.62,0.62
97,angela_adams,North,64231.79,0.85
98,margaret_carson,South,35540.44,0.75
99,deborah_davidson,West,47090.8,0.63
100,alexis_moran,West,16604.98,0.77
101,barbara_brown,West,95636.59,0.87
102,douglas_fleming,South,94213.77,0.73
103,erica_taylor,North,79382.31,0.61
104,scott_reed,South,89060.89,0.61
105,joshua_wiley,North,15839.59,0.62
106,angela_crawford,East,66359.04,0.82
107,karen_smith,South,45934.2,0.7
108,jamie_dyer,North,44928.92,0.92
109,lindsey_chapman,South,21847.86,0.94
110,robert_franklin,South,89649.38,0.62
111,benjamin_hanson,East,41050.85,0.66
112,matthew_kelly,East,18581.24,0.61
113,jeffrey_hunter,South,99733.89,0.77
114,dale_rangel,South,73473.41,0.74
115,caitlin_barnes,North,24346.64,0.74
116,brian_murphy,South,57322.2,0.67
117,jason_blevins,East,88834.52,0.89
118,wyatt_wilson,South,75681.5,0.94
119,denise_daniel,East,32145.55,0.78
120,dennis_smith,East,28748.64,0.8
121,brian_miller,West,70060.18,0.81
122,john_yang,East,87636.89,0.89
123,gloria_bates,South,57468.52,0.94
124,mark_booker,West,58656.91,0.66
125,heather_sanchez,South,94496.74,0.81
126,bradley_buckley,West,21310.02,0.81
127,brandon_cline,West,12202.56,0.71
128,tonya_molina,South,18123.08,0.78
129,matthew_bell,East,86997.03,0.74
130,marcus_garcia,North,18772.11,0.62
131,phillip_turner,East,29146.47,0.9
132,jason_riddle,East,11008.41,0.93
133,bradley_parker,East,50046.2,0.84
134,elizabeth_hall,East,92792.44,0.91
135,michael_giles,South,73239.42,0.68
136,mary_liu,South,44979.97,0.82
137,eric_carr,West,91918.0,0.93
138,michelle_jones,South,45942.39,0.71
139,john_david,North,58459.94,0.72
140,michael_phillips,West,39446.94,0.86
141,catherine_mills,East,59338.09,0.76
142,norman_horton,North,48871.09,0.71
143,savannah_zhang,South,81385.7,0.66
144,kenneth_williams,South,35984.87,0.78
145,brenda_walters,South,85916.97,0.76
146,roger_dixon,South,18400.23,0.91
147,kristy_rogers,West,20238.61,0.63
148,lee_russell,South,19310.89,0.86
149,andrew_watson,North,37920.59,0.95
150,teresa_james,South,84756.7,0.83
151,sarah_estrada,North,80861.81,0.76
152,shannon_jenkins,West,26234.17,0.64
153,cynthia_owen,East,81619.12,0.94
154,juan_brown,West,27656.46,0.73
155,alexandra_waller,South,47005.26,0.91
156,destiny_diaz,North,47144.88,0.74
157,jessica_hart,East,86349.06,0.84
158,jessica_brennan,South,52206.57,0.73
159,ryan_johnson,South,26632.38,0.69
160,jennifer_ruiz,South,78128.02,0.88
161,anthony_stephenson,South,42620.46,0.82
162,alexander_marshall,South,12790.61,0.64
163,nicole_smith,North,28044.99,0.77
164,emma_ward,West,33787.86,0.9
165,megan_manning,East,92164.8,0.89
166,richard_williams,North,61784.15,0.78
167,david_may,South,84461.74,0.89
168,christopher_armstrong,West,39995.68,0.71
169,rick_green,South,74769.77,0.68
170,michael_brown,North,90334.82,0.73
171,mrs_ashley_medina,West,81502.98,0.86
172,brittany_owens,West,63160.9,0.93
173,mary_johnson,North,11392.71,0.91
174,dr_autumn_christensen,East,78223.56,0.71
175,travis_aguilar,East,38471.73,0.66
176,matthew_owens,East,37269.41,0.71
177,kathleen_hill,East,18025.45,0.73
178,jennifer_wilson,North,87217.89,0.82
179,alexander_charles,West,87907.73,0.72
180,dr_pamela_dougherty,South,55481.52,0.68
181,mark_riddle,North,50770.58,0.73
182,felicia_richards,North,34256.11,0.89
183,matthew_blackburn,North,65386.1,0.87
184,gary_hendrix,South,30107.44,0.95
185,daniel_leonard,East,83445.11,0.86
186,steven_wallace_jr,South,24959.72,0.79
187,jeffrey_norman,East,81121.66,0.8
188,ross_price,East,11331.22,0.8
189,ronald_mcmillan,East,77424.79,0.69
190,russell_hampton,South,61567.96,0.7
191,michael_meyer,East,18984.13,0.87
192,mary_powell,West,74614.11,0.85
193,diane_anderson,West,68906.5,0.87
194,thomas_reynolds,East,38881.88,0.69
195,marcus_castro,West,15813.74,0.84
196,melissa_cochran,West,35544.63,0.84
197,timothy_brewer,East,88843.67,0.6
198,veronica_osborn,West,27573.48,0.88
199,christine_clayton,South,95643.17,0.84
200,chris_cortez_md,East,47546.7,0.71
201,kyle_sampson,South,60756.76,0.87
202,jerry_cline,South,81731.94,0.92
203,james_park,West,13810.6,0.7
204,jeffrey_barker_md,South,15107.59,0.9
205,mark_williams,South,40568.62,0.83
206,roberto_fletcher,West,18275.19,0.83
207,eric_dillon,East,48419.37,0.68
208,kellie_garner,South,99876.14,0.71
209,patrick_james,North,70201.61,0.63
210,ronald_fowler,West,91741.4,0.63
211,leslie_gibbs,West,72607.24,0.94
212,nicholas_ramirez,West,20583.06,0.7
213,rebecca_stevens,West,60011.92,0.9
214,cody_spence,North,48587.25,0.83
215,nancy_bates,East,23034.07,0.68
216,gary_powers,South,77252.83,0.61
217,wayne_russo,West,56633.57,0.95
218,ryan_hansen,East,38642.52,0.94
219,donna_johnson,West,20154.68,0.76
220,anthony_anderson,East,26489.07,0.87
221,william_clark,North,80040.58,0.93
222,dennis_downs,West,41403.65,0.89
223,richard_whitaker,West,89924.44,0.75
224,joyce_moore,North,47405.83,0.76
225,alexander_morris,North,29526.42,0.9
226,alyssa_bell,South,98540.8,0.87
227,ryan_sparks,West,29779.45,0.94
228,haley_ramsey,South,98193.42,0.67
229,jennifer_scott,North,67187.63,0.85
230,denise_perez,North,72013.78,0.72
231,nicholas_matthews,West,46126.74,0.67
232,ray_armstrong,North,38365.01,0.61
233,donald_campbell,East,44394.92,0.85
234,jonathan_hernandez,North,70707.56,0.6
235,lisa_buchanan,West,19926.08,0.72
236,natalie_wright,South,89600.31,0.69
237,lauren_thompson,East,55636.77,0.7
238,erin_warner,East,14101.99,0.72
239,samantha_ferrell,West,67165.78,0.77
240,matthew_lee,South,67676.19,0.76
241,crystal_robinson,West,51662.56,0.73
242,richard_jones,West,26320.65,0.72
243,tiffany_bradley,West,79593.68,0.73
244,robert_wallace,East,23947.31,0.76
245,tyler_hunter,South,94146.04,0.93
246,patricia_mcknight,North,64813.72,0.75
247,terry_mitchell,South,34058.28,0.91
248,robert_harrington,North,35107.78,0.72
249,catherine_long,East,85299.46,0.68
250,nicole_wood,South,43473.7,0.83
251,allison_simpson,East,66359.87,0.88
252,lauren_alvarado,East,18178.93,0.75
253,stephanie_acevedo,South,38836.88,0.66
254,alexander_bryant,South,67391.58,0.61
255,timothy_bates,West,90713.97,0.83
256,john_scott,South,89373.25,0.88
257,eric_bradley,South,42518.92,0.66
258,kristen_gonzales,South,73313.4,0.75
259,angela_patterson,West,41159.97,0.69
260,bonnie_rose,East,92541.21,0.8
261,taylor_armstrong,East,15164.07,0.94
262,james_jones,South,81193.69,0.79
263,beverly_smith,South,78971.72,0.72
264,rachel_simpson,South,97479.56,0.78
265,dustin_anderson,North,75990.37,0.81
266,richard_hurley,North,90986.8,0.66
267,adam_gutierrez,West,30962.38,0.94
268,monique_gutierrez,South,58232.56,0.85
269,christopher_williams,East,46117.11,0.61
270,trevor_simpson,East,26487.32,0.66
271,susan_perkins,West,23865.54,0.75
272,joseph_newton,South,17749.02,0.79
273,pamela_smith,West,21750.84,0.78
274,charles_sharp,West,18225.14,0.79
275,amy_meyer,East,22239.42,0.84
276,lisa_peterson,South,40207.55,0.93
277,robert_cox,North,57250.59,0.63
278,gary_reid,East,92892.67,0.76
279,james_smith,North,88562.54,0.94
280,james_mora,North,54702.57,0.84
281,jonathan_good,East,43126.78,0.95
282,patrick_turner,South,92585.57,0.86
283,tiffany_rodgers,North,77858.4,0.72
284,jessica_rhodes,North,81074.2,0.86
285,christopher_jones,West,53211.92,0.71
286,richard_may,South,42817.1,0.66
287,samantha_knight,North,11714.45,0.79
288,shawn_hamilton,West,11976.6,0.91
289,amanda_boyle,West,54440.22,0.78
290,patrick_macias,South,37439.81,0.64
291,brian_jones,North,10844.35,0.9
292,jennifer_ramirez,South,81982.11,0.79
293,rebecca_perez,North,24303.08,0.7
294,kevin_lyons,East,73520.29,0.67
295,brian_campbell,West,96437.39,0.75
296,nancy_turner,South,58967.81,0.71
297,anthony_swanson,West,34467.09,0.77
298,yolanda_nelson,North,49529.72,0.87
299,brittany_lucas,West,18657.29,0.89
300,joseph_reed,South,94183.91,0.7
301,chris_smith,South,52704.63,0.64
302,miss_erica_horne,South,87998.78,0.94
303,colleen_coffey,East,93021.43,0.77
304,earl_parker,West,41871.92,0.67
305,kevin_payne,South,66494.25,0.6
306,dylan_maxwell,South,20944.66,0.67
307,marissa_stewart,West,75258.54,0.83
308,jason_li,South,89210.04,0.73
309,jessica_roberts,West,89714.06,0.85
310,joshua_harrison,North,96164.58,0.6
311,james_johnson,West,86936.99,0.63
312,joseph_coleman,South,91121.54,0.84
313,destiny_gardner,West,45377.17,0.67
314,karl_clark,South,29931.06,0.84
315,alexander_graham,West,17643.08,0.86
316,carl_clark,West,24509.57,0.76
317,christopher_phillips,South,41608.66,0.8
318,sara_brooks,West,41472.6,0.65
319,john_wiley,East,59338.06,0.64
320,laura_lara,North,15086.17,0.69
321,teresa_johnson,North,91475.81,0.73
322,teresa_davis,West,55049.74,0.83
323,gary_tran,South,91489.49,0.74
324,adam_mcclure,North,11708.81,0.62
325,betty_hendricks,West,19172.47,0.8
326,mr_joseph_miller,West,45339.83,0.69
327,karen_lewis,East,59824.3,0.95
328,jeremy_ray,North,46063.94,0.72
329,aaron_foley,North,60057.21,0.86
330,dylan_vega,East,43067.98,0.85
331,russell_osborne,North,44346.44,0.67
332,danielle_ayers,South,57275.98,0.71
333,mr_james_figueroa,East,24464.91,0.6
334,bethany_berry,East,62871.66,0.81
335,paige_lawrence,West,20278.64,0.68
336,daniel_dodson,East,62419.7,0.91
337,paula_paul,East,31452.82,0.72
338,ricardo_mathews,South,26450.74,0.79
339,fernando_bennett,East,81695.39,0.9
340,julie_ford,South,40759.09,0.68
341,jonathan_austin,South,31017.37,0.91
342,brooke_moore,South,73488.59,0.83
343,alexandra_ward,North,87429.65,0.64
344,laura_tucker,North,66666.21,0.61
345,angela_lewis,North,53586.9,0.62
346,taylor_nunez,North,33926.2,0.63
347,lisa_rivas,East,10106.1,0.74
348,curtis_schultz,North,13468.92,0.68
349,susan_salinas,East,78118.65,0.68
350,mark_espinoza,West,89934.22,0.61
351,nathan_sullivan,North,85896.47,0.85
352,wendy_mahoney,West,58108.54,0.94
353,connie_cobb,West,28839.4,0.95
354,deborah_martinez,South,62465.12,0.78
355,michael_gardner,North,53003.05,0.87
356,wendy_rhodes,North,85629.86,0.75
357,peter_barber,East,55593.59,0.81
358,dean_navarro,East,60857.21,0.67
359,joshua_davis,East,50356.73,0.65
360,melissa_mcintosh,South,93021.74,0.82
361,katherine_ortiz,East,18415.81,0.77
362,richard_jones,West,80720.29,0.93
363,ryan_kelly,East,21724.15,0.92
364,thomas_gomez,East,50153.03,0.73
365,chris_flores,South,98488.53,0.87
366,christopher_mendoza,North,65399.37,0.61
367,brian_clark,North,92571.53,0.82
368,jeffrey_newton,West,28870.73,0.65
369,angela_brown,North,41922.39,0.81
370,cristian_patterson,East,36930.37,0.77
371,kyle_barnett,East,29469.18,0.9
372,richard_white,East,94196.27,0.85
373,erica_gray,North,87536.71,0.88
374,sheila_sanders,North,82944.86,0.63
375,joyce_whitaker,East,96299.08,0.67
376,courtney_lynn,South,21335.61,0.67
377,ryan_nash,South,95777.95,0.6
378,anthony_crawford,West,82586.72,0.72
379,ethan_hutchinson,East,85714.69,0.61
380,eric_shaffer,North,42210.35,0.83
381,emily_rodriguez,South,79861.13,0.7
382,jennifer_aguilar,West,33230.2,0.69
383,sara_morris,North,19297.3,0.87
384,stacy_sims,South,25120.09,0.69
385,miranda_williamson,East,29703.29,0.62
386,thomas_anderson,West,79116.1,0.79
387,laura_summers,South,65174.19,0.63
388,steven_delgado,South,25580.26,0.95
389,jenny_lopez,East,13456.02,0.74
390,keith_foster,South,30648.29,0.82
391,tyrone_olson,North,95089.33,0.72
392,devin_miller,East,48489.23,0.64
393,terri_yu,West,56876.84,0.62
394,amy_pineda,North,48320.49,0.69
395,michael_horton,West,96740.76,0.9
396,noah_daniels,East,33736.97,0.84
397,william_higgins,North,14211.76,0.74
398,linda_reynolds,South,53350.01,0.89
399,jessica_stevens,North,12693.98,0.92
400,donald_warren,West,52821.07,0.81
401,james_doyle,West,91149.87,0.64
402,bradley_murray,West,72395.38,0.83
403,laura_king,North,96232.76,0.77
404,casey_wilson,East,65655.63,0.82
405,andrew_carter,East,63070.99,0.8
406,heather_wood,North,55510.61,0.93
407,adrian_cannon,North,36961.56,0.64
408,jeremiah_perez,North,77083.42,0.62
409,joshua_lewis_dds,North,78510.54,0.88
410,patricia_martin,West,13399.75,0.64
411,terri_daniels,South,59876.75,0.92
412,lindsay_hayes,South,34055.87,0.77
413,nichole_cook,West,50383.17,0.93
414,aaron_howard,East,66310.2,0.94
415,billy_robinson,East,73751.31,0.88
416,allison_hall,South,59046.17,0.89
417,beverly_chen,West,45698.22,0.87
418,kimberly_guerra,South,11369.84,0.75
419,donna_williams,South,53845.98,0.9
420,mr_christopher_jones,South,86006.25,0.84
421,alan_stanton,West,15543.7,0.94
422,stephanie_jones,North,76658.75,0.93
423,daisy_jacobson,South,50230.34,0.6
424,ronald_bennett,North,37710.85,0.78
425,sergio_caldwell,South,33355.99,0.86
426,linda_roberts,West,48640.85,0.87
427,tammy_burnett,South,64787.97,0.84
428,amber_carpenter,South,15010.91,0.86
429,rachel_smith,South,92751.44,0.62
430,bonnie_cooper,North,12011.93,0.9
431,brandi_baker,West,38778.33,0.88
432,janet_hansen,North,25172.49,0.86
433,sabrina_turner,West,69108.31,0.79
434,jamie_mckinney,East,78738.71,0.92
435,harry_warren,East,36982.52,0.73
436,robyn_davis,East,37830.56,0.77
437,cindy_howard,East,91987.91,0.85
438,evan_russell,East,92450.91,0.92
439,george_weaver,West,87555.54,0.85
440,john_hernandez,South,94842.55,0.86
441,don_lara,East,18212.74,0.94
442,austin_skinner,North,84853.57,0.62
443,doris_cruz,East,38843.29,0.88
444,carol_adams,North,72463.86,0.64
445,miss_alyssa_barber_md,North,72830.91,0.68
446,edward_smith,East,61007.6,0.93
447,peter_cortez,South,41035.36,0.9
448,christopher_robinson,East,52615.03,0.77
449,william_jones,North,40854.53,0.86
450,matthew_smith,South,37401.59,0.94
451,richard_johnson,East,97358.99,0.87
452,linda_barnes,South,43367.39,0.93
453,katie_miller,West,88252.45,0.95
454,bob_browning,East,59060.06,0.71
455,daniel_thompson,West,40914.24,0.67
456,michael_welch,West,20346.56,0.79
457,marilyn_mills,East,78556.7,0.79
458,anna_werner,South,19065.92,0.64
459,thomas_lopez,West,32083.17,0.85
460,steven_lopez,North,51153.98,0.82
461,cassandra_smith,East,23725.17,0.85
462,isaac_williams,South,36399.29,0.66
463,erica_mcbride,East,50259.07,0.84
464,jeffrey_lee,West,27123.25,0.82
465,eric_harrison,West,28595.44,0.78
466,ashley_zuniga,North,34463.19,0.88
467,michele_ruiz,West,19697.58,0.65
468,sherri_stevens,West,27565.1,0.91
469,theresa_turner,West,15157.17,0.71
470,timothy_white_dvm,East,44900.13,0.62
471,brian_morgan,South,80928.78,0.87
472,danny_hernandez,North,67065.08,0.81
473,seth_price,South,88201.68,0.88
474,amy_ray,North,39635.51,0.88
475,casey_mack,West,49975.76,0.8
476,amy_ingram,South,29643.54,0.91
477,fred_wade,South,41198.45,0.74
478,tiffany_ellis,South,26453.79,0.86
479,daniel_green,West,12634.28,0.76
480,grace_schroeder,West,61044.76,0.74
481,leonard_lee,North,34983.98,0.81
482,eric_hayes,East,44205.17,0.8
483,brian_king,East,45699.62,0.89
484,kathleen_hunter,South,43856.49,0.81
485,anthony_brewer,South,92631.53,0.87
486,michael_williams,West,87840.45,0.84
487,william_roberts,North,24492.26,0.63
488,brandon_hardy,North,53441.69,0.75
489,samuel_smith,South,41273.64,0.76
490,jerry_johnson,South,69001.25,0.93
491,david_fox,West,98170.3,0.69
492,carrie_may,East,63616.14,0.84
493,ryan_le,West,76019.0,0.77
494,kristen_rivera,West,92836.57,0.78
495,charles_barton,South,10660.96,0.92
496,nicholas_gill,North,78425.0,0.6
497,brittany_hansen,North,13365.47,0.61
498,misty_roberts,West,28648.58,0.76
499,anthony_dunn,North,19569.91,0.92
500,heather_miller,South,83818.07,0.81
501,aaron_castillo,West,73924.56,0.71
502,joseph_simpson,North,70731.22,0.71
503,kenneth_duarte,West,38819.62,0.8
504,jaime_taylor,East,90246.83,0.76
505,margaret_johnson,West,50055.45,0.73
506,carlos_hudson,East,22289.54,0.79
507,shawn_pennington,South,58168.19,0.81
508,zachary_evans,West,71069.51,0.93
509,troy_carpenter,South,68464.12,0.69
510,jacqueline_smith,East,83905.62,0.85
511,kimberly_wilson,South,19280.23,0.94
512,felicia_johnson,South,67940.28,0.95
513,denise_kirby,West,25876.11,0.95
514,patrick_hall,North,46308.16,0.8
515,ryan_gray,West,27170.82,0.76
516,christina_bowers,South,49781.96,0.9
517,michelle_nguyen,West,97778.24,0.9
518,joseph_williamson,South,80044.13,0.66
519,nicholas_smith,West,58150.54,0.84
520,andrew_marquez,East,30263.88,0.9
521,brittany_lopez,East,86658.67,0.77
522,noah_rose,North,81257.49,0.85
523,ricky_fields,East,84563.72,0.64
524,christian_gonzalez,North,50817.37,0.65
525,pamela_morgan,North,40493.77,0.94
526,tamara_evans,South,75367.55,0.62
527,matthew_anderson,North,33868.74,0.77
528,karen_johnson,North,77790.19,0.89
529,lisa_white,East,15011.17,0.73
530,brandi_stewart,West,46577.16,0.64
531,eric_lewis,East,25049.37,0.89
532,amanda_solis,East,63096.59,0.91
533,mark_wood,South,57698.86,0.62
534,stephanie_pierce,South,44860.78,0.88
535,caitlin_cruz,West,88448.42,0.69
536,bradley_rhodes,East,55701.03,0.67
537,allen_sullivan,West,95389.52,0.69
538,justin_larson,East,59498.07,0.69
539,manuel_parker,East,73309.56,0.8
540,joel_donaldson,North,83313.5,0.89
541,carrie_randolph,South,68395.4,0.79
542,ryan_russell,South,44310.14,0.74
543,tracy_dean,West,35584.57,0.89
544,brooke_baxter,East,52228.85,0.8
545,debbie_adams,East,15854.65,0.73
546,lisa_allen,North,99114.97,0.69
547,brittany_brown,North,97782.83,0.81
548,brent_miller,East,70240.46,0.75
549,justin_clark,West,96061.29,0.76
550,christian_perez,South,55254.47,0.66
551,jodi_thomas,West,35926.13,0.86
552,jeanette_knight,South,87037.73,0.73
553,dustin_thomas,North,62304.03,0.85
554,adam_castro,East,20503.64,0.8
555,yolanda_brown,East,73217.24,0.94
556,chad_lee,East,99273.31,0.79
557,juan_patterson,South,98809.5,0.72
558,ashley_nguyen,South,48212.45,0.64
559,michael_thomas,West,27723.01,0.8
560,lauren_conner,South,89428.7,0.89
561,yesenia_johnson,East,90349.95,0.93
562,jenny_stewart,North,12789.61,0.7
563,jerome_klein,South,28844.95,0.8
564,andrew_ochoa,West,98932.1,0.63
565,jessica_stokes,North,72467.3,0.66
566,sabrina_berg,North,91405.3,0.69
567,hannah_silva,East,46562.07,0.79
568,amber_proctor,South,15541.13,0.86
569,julie_roberts,South,62354.57,0.62
570,steven_gonzalez,South,45142.34,0.7
571,destiny_moore,West,68431.6,0.79
572,james_jones,East,78633.12,0.82
573,andrea_hines,South,54288.39,0.78
574,justin_holmes,North,24326.02,0.9
575,jeffrey_davis,North,90964.25,0.79
576,nicole_robinson,North,28228.23,0.93
577,jeffrey_payne,South,62963.72,0.87
578,richard_perez,West,22135.22,0.84
579,kimberly_anderson,West,10362.63,0.93
580,joshua_wilson,South,83402.73,0.67
581,james_peters,South,48215.23,0.86
582,jermaine_hernandez,East,84210.06,0.88
583,mark_taylor,North,63312.01,0.91
584,kathleen_callahan,North,45858.83,0.67
585,john_kennedy,East,93896.37,0.72
586,nicole_franklin,East,16159.08,0.93
587,alexis_hall,East,24069.19,0.61
588,debra_irwin,South,39455.22,0.79
589,jeremy_poole,West,90976.28,0.7
590,sean_rodriguez,West,50490.46,0.69
591,justin_campos,North,13549.93,0.71
592,melinda_garcia,East,26917.13,0.8
593,kevin_oliver,South,30353.91,0.92
594,rachel_johnson_md,South,33169.11,0.75
595,janice_shannon,West,47742.04,0.88
596,misty_carter,West,20669.89,0.81
597,toni_hoffman,South,59507.21,0.6
598,breanna_johnson,West,64585.78,0.83
599,caitlyn_williams,South,75649.3,0.71
600,christopher_hardin,North,76748.39,0.72
601,deborah_mcclure,South,82274.73,0.73
602,alice_riggs,East,64394.93,0.75
603,nina_porter,North,68661.57,0.76
604,kimberly_sanchez,North,72013.37,0.64
605,eric_harris,East,51913.84,0.66
606,angela_alexander,West,24110.86,0.65
607,tammy_barnes,North,29866.26,0.62
608,craig_yang,South,54591.45,0.87
609,jay_miller,North,79173.95,0.78
610,sarah_pugh,South,35653.48,0.92
611,charles_munoz,North,25235.19,0.72
612,steven_macdonald,West,24349.43,0.81
613,gabrielle_valdez,North,77660.71,0.7
614,ashley_jones,East,82515.12,0.79
615,melissa_spencer,South,90181.53,0.77
616,david_white,South,41753.34,0.63
617,kristen_wood,North,66365.35,0.72
618,corey_castillo,North,74712.4,0.86
619,laura_beard,West,40128.5,0.82
620,brian_park,East,30591.0,0.73
621,taylor_rodriguez,South,12127.19,0.84
622,justin_brown,East,71017.17,0.72
623,lance_bender,North,14942.02,0.94
624,kelly_jones,North,58006.22,0.77
625,mary_fletcher,South,66326.63,0.71
626,tiffany_owens,West,23323.64,0.75
627,christopher_bass,North,80615.57,0.62
628,andrea_lowery,North,40455.24,0.68
629,rebekah_fernandez,East,97489.05,0.81
630,nicole_johnson,East,54720.36,0.8
631,danny_francis,West,13408.74,0.83
632,james_meadows,East,55631.77,0.92
633,thomas_munoz,South,91036.42,0.87
634,ashley_wu,North,98906.5,0.67
635,catherine_miller,South,86623.72,0.94
636,connie_spencer,East,21488.31,0.85
637,chad_burke,East,48825.59,0.62
638,jeremy_decker,South,23106.4,0.83
639,bryan_king,North,39294.73,0.75
640,amanda_erickson,South,55430.34,0.84
641,alexandra_ho,East,64863.64,0.81
642,rachel_davenport,North,51737.37,0.89
643,brenda_moore,South,50276.55,0.62
644,julia_sampson,East,98236.97,0.89
645,mark_shaw,North,82526.36,0.86
646,nicholas_crosby,South,12402.25,0.74
647,stephen_martin,North,30251.1,0.68
648,larry_dixon,East,49414.76,0.62
649,paul_kline,East,33867.26,0.92
650,kelly_bennett,South,47944.56,0.74
651,mrs_tiffany_johnson,South,49295.61,0.87
652,kelly_foster,North,36959.08,0.8
653,teresa_watson,West,89977.03,0.8
654,joseph_bush,North,97481.11,0.72
655,brian_jackson,West,86619.0,0.6
656,danielle_jordan,South,47377.75,0.61
657,adam_moon,East,51828.09,0.76
658,frank_patterson,East,79884.12,0.79
659,danielle_gill,East,46156.18,0.73
660,gary_tran,South,76647.71,0.68
661,carla_holloway,South,42840.71,0.71
662,cathy_cantrell,West,54133.86,0.63
663,crystal_smith,North,96726.59,0.67
664,emily_morrison,East,56290.11,0.92
665,barbara_obrien,East,30647.44,0.75
666,patricia_aguilar,South,87598.73,0.75
667,pamela_norton,North,98889.1,0.81
668,heather_wilson,South,81921.62,0.7
669,jonathan_kennedy,South,76853.74,0.81
670,erin_davis,South,30233.54,0.66
671,john_hicks,West,57286.67,0.92
672,megan_henderson,South,15930.42,0.74
673,jackie_morgan,West,34925.48,0.9
674,nicholas_ortiz,West,20344.27,0.71
675,sheila_moore,South,96340.91,0.68
676,andrea_jenkins,West,40767.67,0.88
677,david_conner,East,62489.71,0.71
678,kari_richards,North,53603.43,0.84
679,vernon_houston,North,28424.51,0.88
680,joseph_sanchez,West,58028.98,0.63
681,katherine_jones,North,93170.81,0.86
682,dakota_williams,West,19626.22,0.85
683,laura_rogers,East,50508.98,0.73
684,amy_hernandez,West,41740.59,0.63
685,emily_hawkins,South,51553.16,0.9
686,stephen_lee,West,62348.26,0.73
687,ryan_blake,North,34158.26,0.94
688,elizabeth_turner,South,81373.43,0.74
689,luke_miller,East,77491.17,0.67
690,amy_pruitt,South,38048.55,0.74
691,chris_smith,East,11695.39,0.62
692,elizabeth_franco,East,45592.73,0.87
693,laurie_reynolds_dds,West,39448.07,0.79
694,megan_bradshaw,North,60175.03,0.66
695,heather_mcpherson,North,58410.55,0.64
696,dean_velez,North,65265.18,0.83
697,lindsey_ellis,North,97683.69,0.64
698,elizabeth_ramsey,South,85586.82,0.84
699,todd_bates,South,15551.45,0.74
700,michelle_williams,North,49435.16,0.74
701,amy_long,West,15543.39,0.78
702,kathy_alvarez,North,84650.93,0.74
703,debbie_brooks,South,88178.26,0.94
704,paul_wilkinson,East,32574.18,0.9
705,william_adams,West,18279.44,0.62
706,jasmine_leonard,North,22973.65,0.73
707,jennifer_white,West,12950.33,0.78
708,ryan_vaughn,North,75625.66,0.94
709,chloe_garcia,East,69443.41,0.89
710,roberta_nichols,North,56890.35,0.87
711,jeremy_thomas,East,20649.93,0.75
712,michael_barnes,West,93650.5,0.72
713,jennifer_taylor,East,46434.1,0.72
714,tina_nelson,North,34263.82,0.71
715,linda_jackson,West,50283.06,0.72
716,douglas_moody,East,30624.73,0.65
717,james_wong,West,84370.58,0.82
718,matthew_murphy,North,64132.46,0.79
719,dylan_lewis,West,31951.55,0.74
720,teresa_hamilton,East,15589.82,0.86
721,mr_jorge_webb_phd,East,31605.17,0.8
722,anthony_mcconnell_jr,West,95953.31,0.74
723,sandra_mccullough,North,39104.26,0.8
724,jenna_brooks,East,80974.64,0.71
725,cynthia_weeks,South,15275.52,0.77
726,david_gross,South,28284.25,0.91
727,cameron_hughes,West,53240.85,0.92
728,wayne_kim,East,46334.95,0.9
729,brian_tran,East,14459.41,0.69
730,ruben_lindsey,East,50667.3,0.68
731,ryan_thompson,North,92619.54,0.7
732,mrs_jessica_bennett,West,68210.42,0.74
733,debra_benson,North,93298.66,0.82
734,kimberly_ellison,East,68076.76,0.65
735,matthew_golden,South,44123.38,0.68
736,christopher_williams,West,16751.36,0.94
737,jared_klein,West,98050.73,0.75
738,cynthia_crosby,North,37634.49,0.85
739,erica_davis,East,27762.51,0.6
740,joshua_hines,North,82681.33,0.81
741,susan_rios,East,22918.48,0.81
742,kenneth_nelson,East,65980.05,0.71
743,susan_gomez,South,68790.49,0.89
744,regina_anthony,West,56362.59,0.94
745,amanda_reese,West,48247.16,0.94
746,christina_henderson,South,63099.35,0.7
747,alvin_fitzpatrick,South,20129.07,0.67
748,rebecca_alvarado,South,53415.54,0.63
749,diana_pugh,North,50717.89,0.86
750,chelsey_wallace,West,58569.59,0.71
751,joseph_taylor,South,74103.02,0.75
752,diane_williams,East,52169.73,0.85
753,donna_villanueva,East,72559.39,0.72
754,david_hall,West,96999.47,0.68
755,timothy_johnson,South,90231.79,0.67
756,alexis_davies,South,63359.98,0.71
757,bianca_green,West,31298.46,0.73
758,holly_pittman,East,72107.24,0.95
759,matthew_watson,North,74245.17,0.78
760,christopher_russell,North,98687.68,0.86
761,breanna_jones,North,42398.07,0.85
762,shawn_morales,South,69910.42,0.68
763,joseph_hood,East,33102.08,0.78
764,danielle_lynch,North,95968.01,0.64
765,mrs_andrea_duran,South,54494.69,0.81
766,brenda_fisher,North,74494.67,0.88
767,joseph_black,East,87153.04,0.72
768,steven_rodriguez,North,65161.63,0.92
769,amy_larsen,West,15783.71,0.83
770,ryan_garcia,East,21291.4,0.65
771,ashley_cordova,North,11198.13,0.6
772,bobby_pitts,West,46869.97,0.69
773,diane_wolfe,South,59914.76,0.61
774,erica_blackwell,North,89078.54,0.66
775,melissa_bryant,West,48941.32,0.9
776,michael_grant,North,25974.2,0.87
777,william_flores,West,16958.4,0.74
778,anna_steele,North,52423.41,0.73
779,daniel_kelly,East,40602.8,0.66
780,shirley_farley,East,91431.38,0.89
781,heather_proctor,East,52697.25,0.69
782,brittany_livingston,North,87291.88,0.62
783,patrick_white,South,13608.99,0.82
784,george_hendrix,North,49237.99,0.86
785,erica_washington,West,70535.06,0.7
786,eric_shepherd,North,30234.2,0.75
787,john_powell,East,85966.79,0.86
788,jenna_nguyen,South,19945.73,0.73
789,ronald_harris,East,81037.86,0.93
790,brenda_flores,West,83730.35,0.67
791,joshua_stevenson,West,13900.21,0.9
792,tammy_nelson,West,60295.4,0.81
793,anthony_rogers,East,62461.45,0.71
794,sharon_payne,East,24011.16,0.75
795,darryl_sanchez,South,57662.06,0.66
796,christopher_rodriguez,South,10241.13,0.61
797,crystal_harris,West,86570.64,0.89
798,olivia_brown,West,29819.57,0.67
799,jason_warren,West,13133.3,0.67
800,tracey_marshall,North,99283.49,0.63
801,tammy_williams,East,57940.36,0.8
802,melissa_robles,West,23195.65,0.83
803,david_stephens,South,46115.88,0.72
804,robert_ibarra,East,13880.2,0.61
805,jennifer_morales,South,36483.54,0.72
806,jeffrey_vang,South,48218.92,0.76
807,theresa_pratt,East,87131.37,0.74
808,mrs_caitlin_patel,South,75067.94,0.93
809,lance_grant,West,12466.0,0.6
810,timothy_tyler,West,56806.59,0.73
811,courtney_craig,East,17897.27,0.95
812,briana_mcdonald,East,96889.79,0.9
813,alexander_west,North,39681.39,0.89
814,amanda_carroll,South,92409.76,0.76
815,jordan_jenkins,North,37004.05,0.6
816,mrs_leslie_adkins,South,54719.97,0.79
817,taylor_graham,North,34218.2,0.77
818,mary_stone,West,43293.95,0.83
819,heather_daniels,North,43922.96,0.65
820,marco_soto,West,65571.81,0.67
821,david_smith,North,22020.57,0.9
822,jose_martin,East,92223.41,0.64
823,jeffrey_tucker,West,36547.07,0.84
824,jimmy_parks,East,92174.25,0.71
825,jamie_adams,East,16058.86,0.62
826,sandra_crawford,North,56071.83,0.66
827,james_smith,West,55808.44,0.84
828,megan_miller,East,84760.66,0.83
829,marvin_evans,South,59337.65,0.67
830,amber_welch,North,33912.26,0.62
831,david_powell,East,48850.16,0.72
832,kimberly_perez,South,38842.05,0.67
833,pamela_mahoney,East,96237.23,0.93
834,stacy_thompson,South,82025.5,0.63
835,edwin_zuniga,South,99189.91,0.91
836,nicole_rodriguez,East,93882.04,0.88
837,donna_williams,East,97768.03,0.88
838,dylan_vance,South,39000.66,0.6
839,sherry_bartlett,East,72265.07,0.82
840,john_conway,North,95111.67,0.94
841,jacob_carter,East,88370.45,0.87
842,jenna_thomas,South,28177.27,0.94
843,donald_wong,South,48289.38,0.6
844,timothy_martinez,West,70793.53,0.73
845,crystal_nicholson,South,83889.19,0.74
846,mr_charles_west,South,40898.56,0.67
847,april_roberts,North,69478.04,0.67
848,joyce_lynch,West,27652.29,0.75
849,kristy_reed,South,52758.66,0.81
850,matthew_murphy,West,96457.17,0.68
851,jennifer_castro_dvm,South,99761.14,0.76
852,alison_goodman,West,31657.88,0.71
853,susan_ramsey,South,12575.21,0.91
854,kimberly_myers,South,44890.84,0.8
855,angela_garza,East,26549.17,0.88
856,tiffany_moore,North,29412.53,0.72
857,barbara_garza_md,North,29103.05,0.61
858,jordan_olson,West,24492.84,0.6
859,aaron_kim,North,88495.68,0.65
860,amanda_brown,East,23413.11,0.79
861,andrew_rodriguez,East,36033.43,0.75
862,tina_johnson,West,18286.77,0.92
863,jessica_smith,West,76282.74,0.64
864,dana_woodward,North,45904.7,0.72
865,jordan_carlson,West,14315.03,0.66
866,kevin_marshall,East,45367.35,0.68
867,kimberly_martin,East,13493.95,0.68
868,jose_davis,East,17035.06,0.67
869,ashley_johnson,East,47717.01,0.72
870,aaron_reilly,West,21219.22,0.79
871,mr_ryan_walters,South,33115.48,0.69
872,david_gregory,East,35417.81,0.88
873,thomas_osborne,West,17557.54,0.6
874,trevor_carpenter,South,68965.39,0.64
875,kyle_hurst,South,88461.1,0.82
876,heather_young,North,89430.1,0.7
877,scott_anderson,North,16167.79,0.94
878,michael_mcbride,North,95090.24,0.73
879,nicole_hutchinson,North,31735.74,0.83
880,kevin_long,West,68092.09,0.8
881,jordan_johnson,East,91148.93,0.69
882,jessica_norton_md,North,19226.54,0.81
883,jacob_stewart,North,19512.5,0.74
884,joseph_hughes,North,71705.96,0.8
885,karen_walters,South,37711.3,0.63
886,william_hebert,East,63577.49,0.86
887,jeremy_ray,South,91057.84,0.8
888,debbie_payne,South,60163.58,0.7
889,stephanie_wilkinson,South,30018.74,0.67
890,scott_peterson,East,24150.18,0.94
891,julian_romero_md,North,22703.25,0.91
892,zachary_brown,South,14792.96,0.68
893,ronald_morris,South,33797.39,0.66
894,stephen_meyer,South,56077.22,0.64
895,amy_miller,North,91230.24,0.87
896,elizabeth_gomez,West,41885.97,0.68
897,cheryl_woods,South,80214.84,0.61
898,linda_lucas_dds,West,48851.35,0.85
899,kenneth_mcdaniel,East,50997.53,0.64
900,jessica_avery,South,15038.97,0.89
901,christine_carlson,North,35186.25,0.68
902,kenneth_rogers,South,14835.35,0.9
903,ryan_butler,South,48251.81,0.68
904,danielle_brown,South,57260.52,0.71
905,darin_wilkerson,North,70802.49,0.81
906,matthew_perez,South,93320.04,0.88
907,glenn_bradley,East,66265.46,0.73
908,emily_olsen,South,94220.17,0.89
909,russell_perez,East,58696.31,0.63
910,austin_mata,North,78986.41,0.71
911,taylor_hendricks,East,96616.06,0.94
912,mrs_elizabeth_conrad,North,40120.52,0.84
913,cody_evans,North,30283.46,0.85
914,samantha_lawson,East,72080.75,0.91
915,wendy_molina,South,17369.87,0.75
916,kimberly_boyle,West,43486.89,0.72
917,gregory_stein,East,78437.45,0.7
918,caroline_booker,North,16479.75,0.71
919,james_cruz,North,48671.95,0.64
920,elizabeth_ferguson,West,41280.76,0.87
921,brady_black,South,46757.97,0.72
922,daniel_hickman,South,45298.1,0.69
923,raymond_miranda,North,56788.18,0.75
924,amy_oconnell,North,78959.98,0.89
925,robert_james,South,42416.37,0.83
926,megan_robinson,East,54765.15,0.7
927,eric_barry,West,25716.0,0.61
928,ronald_small,West,80399.05,0.69
929,nathaniel_vazquez,West,26801.76,0.8
930,bruce_rodgers,East,16930.99,0.71
931,destiny_clark,South,43117.12,0.82
932,james_clark,West,83287.16,0.69
933,jeffery_hughes_md,West,32620.97,0.85
934,michael_hall,North,87662.82,0.89
935,william_harper,North,40640.38,0.79
936,amanda_lee,East,26490.62,0.85
937,scott_yang,East,76314.99,0.74
938,brandy_baker,East,95422.85,0.65
939,kelly_burgess,West,36688.4,0.68
940,robert_alvarez,North,84376.81,0.67
941,meagan_murphy,East,78440.27,0.63
942,brian_jenkins,West,21901.39,0.73
943,david_short,East,51261.0,0.71
944,garrett_cole,North,41475.94,0.63
945,nancy_crawford,West,91590.78,0.85
946,jordan_gonzalez,West,47885.06,0.66
947,mr_anthony_osborne_iv,North,24062.43,0.62
948,ray_travis,East,95697.29,0.68
949,breanna_bailey,North,98405.53,0.77
950,shannon_jones,West,34398.53,0.8
951,teresa_brown,South,26549.45,0.66
952,stephanie_austin,East,50028.96,0.62
953,randall_gutierrez,North,69277.84,0.75
954,lori_golden,East,27346.76,0.7
955,robin_alexander,East,55746.02,0.93
956,monique_davidson,South,84550.98,0.72
957,dr_amanda_phillips,North,36362.94,0.67
958,adam_gonzalez,West,38635.03,0.64
959,carol_stevenson,East,76597.96,0.67
960,david_wood,East,68357.17,0.77
961,brittany_flynn,East,53328.71,0.73
962,amanda_andrade,South,28150.82,0.79
963,sandra_smith,West,41606.94,0.79
964,rachel_hanson,East,64858.25,0.78
965,michelle_brown,North,40884.87,0.95
966,mckenzie_juarez,West,73389.75,0.68
967,william_price,East,90576.12,0.71
968,jasmine_sanchez,East,26550.74,0.9
969,brittany_woods_md,North,92868.58,0.63
970,tracey_sims,South,65419.84,0.7
971,joshua_bullock,East,77044.58,0.67
972,scott_brown,North,68649.91,0.64
973,virginia_anderson,East,74421.91,0.73
974,stephanie_vincent,West,36413.93,0.72
975,miguel_wallace,North,37057.67,0.93
976,kara_martinez,South,35274.77,0.83
977,stephanie_hanson,East,31372.65,0.64
978,amanda_mccoy,East,68776.58,0.75
979,antonio_browning,West,49573.29,0.85
980,alan_flores,East,63482.61,0.82
981,sarah_taylor,West,59222.97,0.94
982,janice_torres,South,56466.89,0.77
983,steven_tran,East,76855.89,0.82
984,caleb_williams,West,73775.52,0.86
985,ryan_daniel,South,72509.09,0.66
986,joanne_barton,North,28913.79,0.94
987,larry_ruiz,South,61156.58,0.91
988,theresa_romero,South,24323.93,0.76
989,mariah_keller,South,68871.41,0.65
990,melissa_combs,West,26938.27,0.65
991,david_klein_dds,South,98697.66,0.77
992,sabrina_johnson,South,85597.78,0.89
993,regina_hicks,North,82087.65,0.7
994,mr_andrew_weaver,South,69476.81,0.86
995,emily_russell,West,67485.42,0.65
996,megan_mcdonald,East,33269.66,0.68
997,kylie_miller,East,20469.0,0.63
998,eric_deleon,North,89578.2,0.62
999,maria_mullins,West,19721.77,0.72
1000,gregory_webster,South,84881.27,0.92
1001,cristian_vaughan,West,85519.59,0.69
1002,jeanette_gutierrez,North,51162.08,0.88
1003,kristina_allen,South,24664.67,0.74
1004,james_cooper,East,58714.54,0.62
1005,andrew_wells,South,66287.44,0.61
1006,sonya_dominguez,South,91647.15,0.85
1007,gary_miller,West,47803.56,0.85
1008,derek_carter,West,71801.19,0.81
1009,sandra_spencer,North,89288.09,0.6
1010,samuel_klein,North,39657.65,0.7
1011,michael_davis,East,59415.98,0.7
1012,lauren_frazier,North,29441.51,0.72
1013,traci_mckenzie,East,85862.38,0.71
1014,michael_rodriguez,North,64714.4,0.73
1015,teresa_hayes,South,17611.28,0.64
1016,david_daniels,South,90389.17,0.72
1017,rebecca_miller,West,13809.4,0.81
1018,stephanie_anderson,East,60755.24,0.61
1019,leonard_smith,West,37352.41,0.84
1020,brittany_chen,North,43497.01,0.84
1021,tina_frazier,South,39146.62,0.73
1022,alice_marshall,North,34213.72,0.85
1023,rebecca_robinson,North,93328.1,0.94
1024,miranda_mcgrath,East,20808.95,0.79
1025,jason_campbell,West,42060.99,0.74
1026,andrew_summers,East,50351.02,0.85
1027,alexis_benson,South,87411.18,0.86
1028,john_franco,South,70848.17,0.94
1029,wesley_sanchez,South,40016.6,0.78
1030,briana_greer,South,29673.07,0.78
1031,antonio_harris,West,14778.79,0.67
1032,kyle_duran,South,42063.0,0.8
1033,samantha_mcknight,East,66399.28,0.77
1034,clifford_armstrong,West,88375.79,0.72
1035,christine_wilson,South,99628.15,0.68
1036,roger_king,West,89480.68,0.89
1037,heather_hill,East,57283.37,0.64
1038,roger_oconnell,East,54594.25,0.68
1039,julia_barrett,West,47738.73,0.7
1040,sheila_nelson,West,61972.71,0.93
1041,mary_young,North,36473.28,0.69
1042,douglas_tran,East,26610.95,0.83
1043,crystal_brown,East,90687.24,0.69
1044,mackenzie_carr,East,35598.26,0.79
1045,monica_kennedy,East,15667.09,0.76
1046,melissa_callahan,West,76511.82,0.93
1047,tom_barrera,East,21616.13,0.76
1048,kenneth_higgins,South,79516.99,0.84
1049,kevin_brown,West,75642.02,0.71
1050,rebekah_hill,South,92637.94,0.79
1051,billy_webb,West,64922.82,0.76
1052,jessica_lopez_phd,West,96491.81,0.62
1053,bradley_edwards,South,13641.36,0.93
1054,joseph_lin,South,40252.41,0.72
1055,kenneth_allen,North,12372.97,0.61
1056,tammy_hernandez_phd,East,50155.62,0.64
1057,madison_wagner,South,34316.78,0.68
1058,andrew_flynn,North,50543.46,0.65
1059,erin_velez,West,39154.33,0.74
1060,lisa_frey,North,95513.43,0.8
1061,alec_clay,North,56959.97,0.76
1062,natalie_brown_dds,South,60123.18,0.86
1063,jordan_clark,North,94899.63,0.91
1064,patrick_stark,North,70703.14,0.95
1065,shelley_rivera,South,17241.05,0.87
1066,alan_turner,North,12705.29,0.79
1067,brittany_maldonado,West,61035.97,0.85
1068,mr_jon_andrews,West,34529.66,0.85
1069,nathan_gonzales,North,43992.72,0.87
1070,amy_mason,East,44257.95,0.86
1071,gina_knight,East,18813.77,0.86
1072,vincent_pittman,East,80706.67,0.89
1073,christina_atkinson,North,34533.36,0.76
1074,charles_smith,West,48870.02,0.72
1075,shannon_torres,North,12588.81,0.91
1076,christine_mack,East,49820.12,0.72
1077,timothy_ruiz,East,68815.23,0.83
1078,anne_smith,East,15127.13,0.82
1079,daniel_miller,West,98982.38,0.69
1080,aimee_mills,East,50648.58,0.89
1081,dr_gregory_dunn,West,48069.71,0.8
1082,mark_morgan,West,46372.18,0.93
1083,alison_williams,East,32488.47,0.9
1084,robert_foley,North,66737.98,0.74
1085,melanie_perez,West,26810.23,0.85
1086,heather_ramos,South,49825.82,0.68
1087,victoria_cummings,West,40847.55,0.95
1088,brianna_ramirez,East,74885.88,0.68
1089,adam_thompson,South,79149.26,0.69
1090,joshua_drake,East,60293.53,0.81
1091,robert_welch,East,31363.5,0.75
1092,anne_brown,East,20158.04,0.63
1093,thomas_gibson,East,57974.41,0.74
1094,madeline_frazier,North,74343.03,0.86
1095,kenneth_hanna_dvm,West,51742.47,0.8
1096,david_gilbert,North,99786.74,0.84
1097,terri_foley,South,56738.94,0.63
1098,benjamin_wolf,West,53481.8,0.62
1099,beth_hampton,West,76127.36,0.85
1100,keith_krause,West,35254.81,0.71
1101,bethany_hernandez,West,65752.19,0.77
1102,heather_wang,West,95559.05,0.91
1103,jeanne_jones_dvm,South,42779.95,0.73
1104,gerald_wilson,East,56160.72,0.9
1105,sandra_hill,South,74417.32,0.9
1106,megan_cruz_dds,West,15694.15,0.81
1107,adam_stanley,North,17920.47,0.86
1108,jason_pearson,North,42286.99,0.72
1109,lydia_olson,South,91685.5,0.83
1110,zachary_thompson,East,92391.34,0.78
1111,pamela_brandt,West,82400.17,0.85
1112,darren_holland,East,66253.8,0.71
1113,brandon_craig,North,52711.85,0.86
1114,timothy_curtis,South,80696.95,0.8
1115,bethany_ramos,North,30336.91,0.86
1116,jeremy_nguyen,East,85624.72,0.68
1117,neil_patel,West,16616.71,0.95
1118,elizabeth_wright,South,74298.19,0.92
1119,lori_bradford,South,11702.24,0.71
1120,erika_thomas,West,22260.11,0.95
1121,brian_roberts,West,40979.12,0.72
1122,joshua_williams,West,37684.88,0.62
1123,bobby_huang,South,59260.58,0.91
1124,kimberly_roth,South,60094.11,0.64
1125,marie_burton,North,53145.9,0.68
1126,sonya_rodriguez,East,25119.41,0.66
1127,joel_riley,West,12865.37,0.72
1128,alicia_black,South,22908.08,0.71
1129,erin_roberts,East,67668.25,0.61
1130,jeremy_jimenez,South,67648.91,0.93
1131,christopher_wade,North,38147.98,0.63
1132,william_williams,West,88183.97,0.89
1133,todd_marks,South,94479.42,0.61
1134,christopher_perry_md,South,24279.17,0.64
1135,tony_vaughn,South,53944.36,0.76
1136,kaitlin_davis,East,25993.09,0.62
1137,ian_odonnell,West,31171.42,0.8
1138,willie_morales,West,25548.86,0.79
1139,joseph_phillips,West,72967.1,0.9
1140,lisa_le,North,76942.15,0.85
1141,brandon_vasquez,West,42391.59,0.63
1142,rhonda_bishop,West,42401.44,0.69
1143,margaret_patrick,West,63466.63,0.83
1144,james_davis,East,45861.22,0.9
1145,robert_scott,South,68284.66,0.77
1146,ashley_moody,South,51128.3,0.8
1147,charles_gutierrez,North,18163.08,0.66
1148,kelly_hanson,North,69345.86,0.92
1149,lynn_brooks,South,21413.81,0.76
1150,hunter_martinez,East,14395.32,0.65
1151,john_ellis,West,70671.57,0.93
1152,heather_hamilton,South,62710.38,0.8
1153,lauren_ward,South,91277.87,0.65
1154,steven_sharp,South,27164.07,0.63
1155,timothy_park,North,72245.64,0.73
1156,daniel_lynch,North,58744.76,0.7
1157,mary_steele,West,35101.71,0.63
1158,donald_shelton,West,56277.21,0.79
1159,thomas_hayes,East,21078.57,0.67
1160,heather_chan,North,76264.51,0.63
1161,brian_martin,North,58657.17,0.63
1162,amanda_fitzgerald,North,74507.12,0.61
1163,michele_smith,East,35457.48,0.86
1164,joseph_wood,West,50265.53,0.76
1165,lisa_smith,North,70599.17,0.72
1166,joel_hill,West,11298.98,0.72
1167,nancy_watson,West,26496.22,0.88
1168,christian_rowe,West,89163.7,0.92
1169,cynthia_wilson,North,29600.24,0.74
1170,joshua_harris,East,57211.06,0.76
1171,travis_olsen,East,88737.44,0.93
1172,anna_sanford,South,69259.78,0.94
1173,melissa_flores,South,15960.18,0.68
1174,jane_miller,East,84081.69,0.84
1175,michelle_brown,South,29472.91,0.71
1176,tara_davenport,East,37755.22,0.9
1177,tanya_sanford,East,33263.63,0.73
1178,martin_stevenson,West,20772.05,0.81
1179,linda_mcintosh,South,25278.7,0.91
1180,jenna_pittman,South,86950.77,0.71
1181,dawn_campos,South,92790.43,0.84
1182,brent_schneider,North,93572.59,0.91
1183,mrs_melissa_gray,West,18340.17,0.77
1184,william_green,West,89013.41,0.82
1185,ann_maldonado,North,90669.34,0.85
1186,ronald_osborn,West,60734.04,0.9
1187,david_brown,North,82586.31,0.68
1188,caitlin_ruiz,North,86214.55,0.79
1189,robert_gutierrez,East,44979.42,0.76
1190,jimmy_pearson,West,49242.15,0.94
1191,justin_murillo,North,11838.19,0.91
1192,gabriel_turner,South,78974.65,0.65
1193,christopher_duke,West,36871.31,0.64
1194,eric_perez,East,76827.93,0.76
1195,james_cross,East,66356.49,0.64
1196,susan_ho,East,47671.81,0.66
1197,carolyn_garcia,West,17477.22,0.63
1198,madeline_smith,North,21982.28,0.9
1199,anna_wright,North,41200.76,0.93
1200,kaitlin_white,West,58614.53,0.94
1201,chad_williams,South,78250.27,0.62
1202,darrell_fleming,North,74482.37,0.75
1203,evan_beasley,West,39489.71,0.62
1204,tamara_david,North,40718.81,0.73
1205,joshua_payne,North,45910.05,0.89
1206,william_gomez,South,37613.18,0.74
1207,billy_cooper,West,10264.06,0.63
1208,anna_armstrong,North,77863.74,0.92
1209,michele_ellis,South,70326.04,0.67
1210,teresa_nelson,North,18134.27,0.87
1211,jaime_hernandez,South,30381.55,0.62
1212,shawn_miller,North,62639.47,0.67
1213,tony_simmons,North,99035.24,0.64
1214,ruben_long,West,34215.95,0.92
1215,kim_spencer_md,East,45150.41,0.89
1216,heather_caldwell,South,84143.78,0.73
1217,megan_hurley,North,20715.61,0.83
1218,kim_wood,North,65221.13,0.89
1219,david_castillo,North,81272.1,0.91
1220,april_conway,North,66424.53,0.83
1221,jonathan_guerrero,West,40274.61,0.71
1222,ann_mckinney,West,64683.86,0.75
1223,ronald_park,East,97741.19,0.71
1224,megan_gregory,South,94532.69,0.7
1225,ashley_williams,West,31155.83,0.85
1226,victor_marks,North,52572.58,0.72
1227,tony_morris,West,92131.13,0.64
1228,james_bailey,West,98550.96,0.86
1229,danny_burke,East,11334.31,0.76
1230,nathan_marshall,South,30055.19,0.7
1231,paul_dunlap,West,47404.98,0.68
1232,clarence_murray,East,45138.83,0.69
1233,alec_cisneros,South,18269.09,0.64
1234,timothy_campos,West,45479.45,0.86
1235,holly_sanchez,East,41311.45,0.79
1236,joseph_ortiz,West,13068.2,0.87
1237,deborah_wilson,South,30837.27,0.83
1238,jonathan_larson,South,60901.73,0.89
1239,jonathan_joseph,East,50489.16,0.84
1240,patricia_chapman,West,51123.61,0.93
1241,melissa_richmond,West,13995.12,0.7
1242,kevin_russo,East,87419.45,0.94
1243,mary_miller,West,72430.78,0.88
1244,taylor_fuller,North,15036.59,0.92
1245,cassandra_riley,South,17076.77,0.69
1246,bradley_davies,South,62159.97,0.63
1247,barbara_obrien,South,90374.81,0.91
1248,brandi_sherman,South,98432.98,0.65
1249,richard_villarreal,West,34876.6,0.8
1250,tara_moreno,West,89098.93,0.84
1251,pedro_vaughn,West,54906.6,0.6
1252,shawna_daniels,South,98904.53,0.82
1253,mitchell_jenkins,West,47925.11,0.93
1254,curtis_hernandez,North,86592.61,0.89
1255,michael_walker,North,28037.76,0.89
1256,anthony_bell,North,89321.21,0.84
1257,patrick_allen,East,99418.6,0.85
1258,wayne_thomas,West,83118.24,0.77
1259,roy_martinez,North,57535.95,0.88
1260,angela_thompson,West,58214.28,0.68
1261,stephanie_king,South,65893.14,0.93
1262,joshua_collins,West,77550.82,0.65
1263,patricia_hudson,West,67294.83,0.78
1264,connie_miller,North,69347.74,0.87
1265,nicole_jensen,East,52428.18,0.73
1266,paula_anderson,South,95032.46,0.69
1267,stephen_newton,East,49880.25,0.61
1268,maria_may,East,60457.71,0.86
1269,billy_cooper,South,41677.88,0.62
1270,laura_velasquez,East,55342.9,0.87
1271,joann_clark,North,95590.71,0.73
1272,tyler_vincent,North,46544.73,0.87
1273,jeffrey_shields,West,44307.64,0.91
1274,michelle_cunningham,West,43629.27,0.76
1275,nancy_castaneda,East,96510.39,0.66
1276,carlos_schneider,South,72350.63,0.89
1277,lucas_thompson,South,87030.88,0.65
1278,denise_villarreal,North,58758.05,0.93
1279,lindsey_wood,West,33753.01,0.95
1280,bridget_castro,East,24433.69,0.74
1281,dr_kenneth_berry,West,97151.46,0.6
1282,james_smith,South,11101.6,0.82
1283,crystal_wright,East,36266.86,0.79
1284,mr_andrew_murphy_jr,North,81174.8,0.75
1285,jennifer_long,East,97709.64,0.68
1286,michael_morris,East,26047.25,0.64
1287,kenneth_carter,North,65153.28,0.94
1288,dwayne_smith,South,74664.74,0.75
1289,angelica_crane,East,22756.24,0.91
1290,mark_hart,North,68682.86,0.7
1291,william_hernandez,West,88487.39,0.85
1292,caitlin_gardner,West,97358.65,0.67
1293,ashley_kim,West,79190.02,0.76
1294,david_porter,West,34879.13,0.8
1295,tyler_coleman,South,63134.14,0.73
1296,david_gardner,North,33723.16,0.7
1297,melissa_bradley,North,31685.97,0.82
1298,jeffery_strickland,West,43791.9,0.73
1299,victoria_olson,North,24531.43,0.92
1300,mr_kyle_barber,West,21969.67,0.63
1301,david_fuller,West,43777.53,0.84
1302,christopher_washington,West,68600.7,0.91
1303,dennis_patterson,West,20705.76,0.68
1304,robin_miller,South,68661.11,0.77
1305,lisa_bradshaw,East,87061.09,0.78
1306,samantha_mueller,East,17639.46,0.64
1307,nicholas_sampson,North,49535.42,0.63
1308,caitlin_scott,East,26518.73,0.65
1309,matthew_carpenter,North,46340.49,0.67
1310,justin_gonzales,South,28603.49,0.93
1311,kevin_lawrence,East,25108.74,0.66
1312,kimberly_jarvis,North,88717.41,0.83
1313,ryan_rivera,East,58819.0,0.77
1314,john_howe,North,54875.71,0.76
1315,michelle_fitzgerald,South,68914.87,0.65
1316,william_parks,West,15800.13,0.63
1317,lisa_scott,East,91114.45,0.73
1318,nicholas_sullivan,East,35664.26,0.74
1319,kevin_williams,North,99165.79,0.87
1320,amy_jones,East,32965.34,0.84
1321,dawn_swanson,South,10794.42,0.64
1322,alan_powell,East,57766.17,0.69
1323,bradley_perez,North,56909.32,0.88
1324,cameron_lambert,West,48600.55,0.64
1325,mike_jenkins,North,49530.17,0.64
1326,henry_hale,East,89938.4,0.67
1327,andrea_anderson,West,79939.08,0.64
1328,amanda_savage,West,20184.44,0.89
1329,annette_norris,East,46271.06,0.71
1330,andrew_robinson_jr,East,92745.03,0.89
1331,colleen_lopez,North,67950.34,0.6
1332,michael_parker,South,94133.73,0.86
1333,michael_garcia,West,94484.92,0.69
1334,harry_stephens,South,92070.81,0.82
1335,edward_taylor,West,40564.64,0.74
1336,roger_pham,South,16669.42,0.92
1337,kathleen_arnold,South,86640.02,0.81
1338,melissa_holland_md,East,18926.19,0.6
1339,brenda_page,West,89263.41,0.66
1340,joseph_perez,East,13293.16,0.88
1341,lindsay_nguyen,South,13028.17,0.73
1342,jacqueline_smith,East,57908.14,0.68
1343,alan_wheeler,South,33327.52,0.65
1344,kayla_ballard,North,20009.14,0.62
1345,steven_martin,East,44397.74,0.61
1346,deanna_serrano,East,15322.34,0.94
1347,pamela_roberts,North,71098.0,0.78
1348,matthew_lopez,South,54891.51,0.86
1349,kara_lucas,West,66812.22,0.62
1350,ashlee_spencer,West,98345.84,0.75
1351,travis_mcneil,West,72749.1,0.94
1352,mr_anthony_powell,South,11724.09,0.85
1353,javier_chen,West,99684.77,0.69
1354,joshua_carter,South,17382.89,0.68
1355,kenneth_jackson,East,69712.76,0.87
1356,april_mendez,South,65242.93,0.65
1357,megan_griffin,South,59386.52,0.8
1358,taylor_moore,South,49321.81,0.75
1359,dan_wu,East,75762.92,0.82
1360,sarah_medina,South,65645.7,0.76
1361,zachary_jackson,West,83026.6,0.81
1362,gregory_calhoun,North,29878.16,0.76
1363,jessica_martinez,North,53186.57,0.92
1364,tristan_beck,East,71500.56,0.84
1365,tracy_swanson,East,73032.63,0.79
1366,jason_smith,South,30869.75,0.77
1367,amy_johnson,North,45016.14,0.61
1368,douglas_schwartz,West,57480.89,0.85
1369,scott_smith,West,59020.45,0.69
1370,daniel_harris,South,79364.97,0.69
1371,william_welch,East,21135.79,0.76
1372,heather_donaldson,West,17732.75,0.77
1373,kimberly_hernandez,East,47886.27,0.62
1374,kristine_jackson,North,69970.06,0.78
1375,stephen_thompson,East,24176.79,0.7
1376,rhonda_kim,North,74892.11,0.66
1377,alex_stewart,East,55592.82,0.7
1378,stephanie_weiss,South,64553.57,0.91
1379,benjamin_ware,South,80101.95,0.81
1380,eric_anderson,South,81611.53,0.75
1381,melanie_little_dvm,South,44812.13,0.83
1382,danielle_fox,East,22119.93,0.93
1383,michele_clayton,North,19261.13,0.73
1384,william_whitehead,East,66665.11,0.93
1385,eric_rowe,East,69775.05,0.87
1386,melissa_wheeler,North,56611.99,0.64
1387,eric_patel,West,75840.61,0.7
1388,johnny_beasley,North,69843.25,0.7
1389,joseph_young,East,37006.41,0.87
1390,jessica_leonard,North,91425.74,0.85
1391,stephanie_little,East,29663.45,0.86
1392,mary_hatfield,North,38363.44,0.74
1393,andrew_gray_md,East,11802.66,0.66
1394,rebecca_rhodes,West,32847.64,0.85
1395,james_marquez,North,31773.14,0.93
1396,deborah_barker,West,32636.3,0.82
1397,alexis_miller,South,90719.46,0.88
1398,william_stevens,East,35805.12,0.8
1399,tonya_brown,South,75158.48,0.78
1400,alexa_thomas,South,34125.13,0.68
1401,bryan_norton,South,78955.46,0.86
1402,joshua_oliver,South,40297.09,0.7
1403,emily_kelley,West,47325.84,0.72
1404,marissa_webb,South,88638.72,0.66
1405,raven_price,North,65240.36,0.75
1406,zachary_rogers,East,94827.96,0.62
1407,john_simon,East,28564.04,0.83
1408,john_russo,North,14931.31,0.94
1409,roberto_davies,East,32476.47,0.86
1410,andrew_holland,West,59934.39,0.69
1411,jennifer_cooke,South,44958.84,0.93
1412,jesse_shannon,South,69856.62,0.78
1413,virginia_miller,West,41981.13,0.85
1414,cory_morris,East,88475.17,0.61
1415,rhonda_french,South,34764.8,0.61
1416,jeffrey_page,East,19775.32,0.62
1417,angela_dominguez,North,96299.12,0.8
1418,jonathan_baker,East,49541.31,0.66
1419,elizabeth_miranda,North,61715.66,0.88
1420,ruben_hanna,East,88283.66,0.77
1421,shelia_miller,East,89124.7,0.86
1422,daniel_griffith,South,19472.29,0.92
1423,austin_williams,North,58365.51,0.68
1424,bradley_byrd,West,86186.07,0.66
1425,megan_gordon,West,23600.45,0.85
1426,sheila_hamilton,East,13786.61,0.68
1427,alexandra_jones,South,11220.12,0.61
1428,kyle_weaver_iii,West,41356.78,0.83
1429,kathy_boyd,West,69345.73,0.71
1430,robin_mckay,South,71781.88,0.69
1431,chase_page,East,78327.0,0.86
1432,nicole_hamilton,North,81133.36,0.73
1433,madison_jones_md,East,72647.95,0.67
1434,michelle_johnson,East,12565.61,0.74
1435,patricia_mcneil,South,27530.04,0.91
1436,christopher_chambers,West,19085.0,0.8
1437,nancy_hall,West,82691.35,0.94
1438,mark_randall,North,51753.56,0.87
1439,tracey_black,East,61961.46,0.89
1440,alexander_lewis,South,23170.21,0.75
1441,benjamin_munoz,West,37244.55,0.78
1442,matthew_gonzalez,South,31838.79,0.75
1443,adam_porter,North,29343.11,0.76
1444,sean_smith,North,51566.19,0.61
1445,christopher_turner,South,87978.63,0.83
1446,melissa_williams,South,23195.06,0.69
1447,brian_chang,West,45387.59,0.75
1448,austin_bell,West,23570.17,0.74
1449,shannon_green,South,65382.82,0.73
1450,jennifer_mendoza,South,75511.55,0.64
1451,john_lopez,West,10955.76,0.83
1452,stephen_santana,West,66041.46,0.64
1453,tricia_harrison,East,83021.32,0.84
1454,linda_davis,North,22648.76,0.82
1455,theresa_holder,North,20283.38,0.78
1456,isabel_stewart,South,46660.85,0.65
1457,kevin_sheppard,West,49288.34,0.79
1458,jose_porter,East,53890.9,0.69
1459,amber_washington,East,74515.73,0.73
1460,jonathan_jackson,East,50322.85,0.61
1461,julian_jones,South,40552.25,0.84
1462,jessica_day,North,71319.46,0.76
1463,mark_fox,East,45839.0,0.92
1464,nicholas_gay,East,89703.35,0.81
1465,heidi_crawford,East,21370.72,0.73
1466,jaime_bowman,East,52337.99,0.81
1467,laurie_hodge,South,41590.68,0.83
1468,lisa_price,East,54717.09,0.65
1469,victoria_rodriguez,North,42467.44,0.66
1470,christopher_davis,North,35192.34,0.79
1471,cheryl_schultz,North,19074.14,0.74
1472,brittany_guzman,West,35003.64,0.82
1473,joshua_clark,North,10406.18,0.61
1474,leah_estes,South,28029.71,0.67
1475,richard_flynn,East,45024.6,0.92
1476,david_perez,North,22058.64,0.75
1477,stacy_jenkins,North,53983.53,0.73
1478,jeff_white,East,63971.23,0.6
1479,james_hill,West,51458.37,0.62
1480,shannon_butler,West,26685.14,0.86
1481,jamie_shepherd,West,67126.27,0.89
1482,steven_lee,East,62295.13,0.9
1483,elizabeth_dixon,West,93883.6,0.67
1484,kari_young,North,81006.81,0.88
1485,stephen_mitchell,East,58369.15,0.9
1486,lucas_sullivan,North,73811.32,0.84
1487,bonnie_frederick,South,75293.81,0.88
1488,michael_bruce,East,83214.5,0.7
1489,maria_smith,South,67385.93,0.68
1490,william_lee,West,66933.66,0.83
1491,rachel_bender,West,84788.41,0.79
1492,ronald_martinez,North,14421.28,0.8
1493,trevor_walters,South,44926.08,0.64
1494,alicia_johnson,South,78488.24,0.94
1495,hannah_rich,East,91701.9,0.83
1496,danny_travis,South,62305.94,0.69
1497,peter_mendez,East,86141.31,0.76
1498,jennifer_mcintyre,West,76241.97,0.84
1499,danielle_pena,South,74138.02,0.64
1500,jeffrey_mann,North,16405.49,0.68
1501,james_bean,West,83962.1,0.86
1502,tyler_lopez,West,71080.79,0.94
1503,jesus_martin,West,22624.64,0.64
1504,jerry_wright,South,12447.46,0.71
1505,sarah_wallace,South,13115.73,0.76
1506,jeffrey_barnes_dvm,North,69208.25,0.61
1507,patrick_simpson,East,92875.07,0.94
1508,fernando_marquez,North,45834.68,0.77
1509,lance_gay,South,79055.47,0.69
1510,ronald_cuevas,North,75744.16,0.92
1511,amber_hall,East,11805.62,0.87
1512,james_leach,East,71616.45,0.68
1513,bruce_adams,West,52219.27,0.71
1514,kristin_cox,North,49610.95,0.93
1515,angela_cross,South,38443.08,0.89
1516,frank_arnold,East,41803.33,0.73
1517,michael_gonzalez,South,21382.51,0.61
1518,thomas_myers,East,73679.66,0.75
1519,thomas_williamson,South,36141.18,0.8
1520,jamie_king,East,73610.19,0.66
1521,donald_ortega,East,40835.96,0.71
1522,mrs_karen_nixon,West,31010.65,0.64
1523,mr_alan_howard_jr,South,60653.65,0.74
1524,william_hunter,North,97049.15,0.67
1525,william_miller,West,88507.72,0.73
1526,ariana_manning,East,91972.14,0.65
1527,kristen_summers,East,11374.1,0.75
1528,michael_duran,East,36538.85,0.92
1529,cindy_chavez,South,99844.18,0.66
1530,dr_peggy_hardin,South,95894.03,0.81
1531,sharon_meyer,North,75638.33,0.76
1532,raymond_wells,West,42899.24,0.84
1533,stephanie_perry_dds,East,71916.69,0.91
1534,julian_brown,East,64620.61,0.73
1535,christine_beasley,South,93396.42,0.87
1536,laura_barrera,North,88883.38,0.61
1537,amanda_young,South,47238.64,0.71
1538,ricardo_allen,North,48219.33,0.77
1539,andrew_wells,West,84612.63,0.72
1540,lisa_gillespie,North,68414.48,0.89
1541,sara_osborne,West,48328.1,0.85
1542,katelyn_barnett,North,10279.06,0.86
1543,pamela_contreras,North,74777.91,0.86
1544,rhonda_blake,West,27276.82,0.92
1545,meredith_chambers,East,97756.08,0.94
1546,ann_riley,South,30392.57,0.91
1547,stephanie_ray,South,16358.16,0.82
1548,mary_ramirez,West,73653.75,0.66
1549,rodney_white,East,67217.76,0.69
1550,jessica_bowers,West,88590.76,0.84
1551,michelle_riley,North,98341.99,0.91
1552,joseph_rowe,South,12251.23,0.74
1553,amber_stewart,North,28679.63,0.77
1554,michael_hamilton,North,67417.77,0.9
1555,matthew_mcintosh,South,16694.26,0.79
1556,kevin_munoz,West,42428.24,0.82
1557,jason_english,East,63996.26,0.69
1558,kelsey_munoz,North,57357.34,0.76
1559,james_peters,West,88189.46,0.95
1560,jon_campbell,South,37330.54,0.92
1561,charles_jacobs,East,90934.45,0.61
1562,mr_johnny_aguilar_dvm,North,32718.86,0.9
1563,dale_harrison,West,88233.45,0.74
1564,mr_paul_miller,North,16387.97,0.93
1565,amber_clark,West,98052.97,0.84
1566,mathew_anderson,West,29475.18,0.92
1567,mr_jason_richards_jr,South,28464.93,0.95
1568,sara_diaz,North,36564.59,0.81
1569,david_ramirez,South,75416.66,0.75
1570,lauren_anderson,North,35443.2,0.87
1571,hunter_brooks,East,56795.17,0.83
1572,kathryn_ho,South,71502.48,0.63
1573,nicholas_thomas,South,50293.74,0.63
1574,kathy_roberts,West,49484.85,0.92
1575,rebecca_bradley,North,96781.14,0.95
1576,justin_oneal,West,28819.89,0.79
1577,debbie_beasley_md,East,51320.23,0.92
1578,james_barnett_jr,South,26588.08,0.68
1579,patrick_johnson,South,90917.08,0.79
1580,john_nelson,East,65940.07,0.89
1581,john_mitchell,West,52494.45,0.89
1582,jessica_lawrence,North,67295.42,0.7
1583,patricia_webster,South,35480.18,0.92
1584,nicole_cantu_md,East,60060.76,0.71
1585,rebecca_evans,East,20243.11,0.76
1586,stephanie_lee,South,64061.35,0.69
1587,karen_bishop,East,58219.01,0.7
1588,lisa_brennan,West,41365.71,0.61
1589,matthew_baldwin_dvm,North,56501.62,0.62
1590,sean_ward,West,73704.46,0.81
1591,amanda_edwards,South,44239.34,0.63
1592,courtney_stewart,North,17064.72,0.8
1593,mr_andrew_lucas,East,44297.78,0.7
1594,rachel_herman,West,90649.02,0.78
1595,adrian_skinner,East,43061.99,0.68
1596,patrick_ramirez,West,18178.66,0.82
1597,christopher_smith,East,13231.0,0.74
1598,james_tran,West,21937.65,0.67
1599,mark_bishop,East,97900.73,0.7
1600,christopher_freeman,North,30339.65,0.95
1601,alicia_arias,West,40268.71,0.88
1602,nathan_gutierrez,South,71006.16,0.87
1603,michael_murphy,North,45086.84,0.82
1604,barbara_patterson,East,83118.7,0.75
1605,eric_jenkins,East,15203.85,0.91
1606,vincent_evans,West,12583.36,0.87
1607,gabrielle_leonard,South,84686.82,0.62
1608,mr_matthew_chan,East,11491.75,0.91
1609,parker_cross,West,15953.3,0.82
1610,dr_elizabeth_crane,South,84487.66,0.92
1611,heather_adams,South,57270.52,0.92
1612,anthony_harris,North,59084.15,0.7
1613,james_parker,North,75589.82,0.66
1614,samuel_wood,South,67135.45,0.75
1615,hailey_cantu,West,95746.81,0.87
1616,victoria_reid,North,92508.95,0.74
1617,jacob_wallace,East,73856.11,0.73
1618,john_herrera,East,31774.04,0.86
1619,natalie_smith,South,30608.82,0.73
1620,audrey_olsen,East,17428.05,0.7
1621,timothy_moody,South,32862.86,0.78
1622,zachary_gomez,West,44301.03,0.8
1623,natalie_adams,South,79755.06,0.72
1624,stephen_dawson,North,54042.3,0.94
1625,brendan_collins,North,61346.78,0.95
1626,melinda_pena,South,55646.13,0.77
1627,kelsey_ray,South,91797.62,0.75
1628,jennifer_jones,West,53464.16,0.91
1629,thomas_browning,East,19014.33,0.68
1630,john_gutierrez,North,52929.95,0.79
1631,marilyn_zavala,South,80441.46,0.89
1632,amanda_gilbert,South,38351.76,0.83
1633,melissa_arias,South,90464.23,0.88
1634,jill_buck,North,51237.66,0.9
1635,christina_robinson,East,23191.43,0.63
1636,christy_prince,North,83904.99,0.9
1637,micheal_day,East,72607.64,0.8
1638,ryan_cole,South,21180.94,0.7
1639,sean_stone,East,37136.39,0.61
1640,alan_grimes,North,32180.41,0.94
1641,kristin_barton_md,South,62833.94,0.94
1642,christopher_russell,South,59452.57,0.77
1643,emily_hoffman,West,60142.85,0.81
1644,chris_williams,West,60929.18,0.83
1645,david_medina,South,70515.95,0.88
1646,pamela_hicks,East,65440.56,0.64
1647,bailey_roberts,East,58316.54,0.62
1648,anthony_mccarthy,South,38329.9,0.81
1649,jacob_hubbard,East,17625.74,0.85
1650,mr_aaron_welch,South,89940.18,0.88
1651,daniel_harris,South,43965.2,0.86
1652,john_cruz_jr,North,12079.26,0.79
1653,carlos_hernandez,West,90117.07,0.77
1654,heather_fleming,West,71269.33,0.88
1655,robert_rogers,North,98458.2,0.81
1656,shirley_decker,West,62957.21,0.9
1657,victoria_dixon,East,22264.06,0.84
1658,sarah_ortega,West,41684.28,0.91
1659,robert_alexander,East,47154.88,0.78
1660,james_solomon,West,98164.78,0.9
1661,heather_hill_dds,North,97720.66,0.62
1662,megan_fletcher,South,50694.4,0.81
1663,carol_hess,East,21446.22,0.87
1664,jonathan_hill,South,37786.49,0.78
1665,danielle_cox,South,31156.47,0.94
1666,roger_mcneil,East,54305.72,0.62
1667,brandon_harvey,South,29642.96,0.68
1668,kerri_walker,West,52922.72,0.8
1669,david_thomas,South,84074.57,0.7
1670,stephanie_smith,North,53043.13,0.69
1671,david_best,West,78112.85,0.79
1672,gary_perkins,North,71072.34,0.68
1673,tammy_johnson,West,65254.98,0.73
1674,victoria_boyd,South,65359.76,0.95
1675,benjamin_davis,West,18044.6,0.61
1676,melissa_simmons,South,93762.02,0.94
1677,christopher_reilly,South,24397.13,0.85
1678,jonathan_hunt,North,31155.37,0.68
1679,john_young,North,90077.56,0.92
1680,tammy_mcguire,North,91388.35,0.66
1681,rebecca_davis,North,96107.16,0.66
1682,john_lee,South,63715.24,0.93
1683,morgan_watkins,East,17653.22,0.86
1684,christopher_arnold,South,24297.25,0.93
1685,stephanie_holt,North,35021.83,0.91
1686,william_smith,East,86210.64,0.75
1687,rhonda_woods,West,52157.67,0.94
1688,steven_sampson,East,53627.4,0.71
1689,lindsey_smith,South,16177.65,0.67
1690,todd_smith,North,61760.38,0.62
1691,nathan_johnson,South,62593.29,0.68
1692,corey_arias_jr,West,59382.85,0.86
1693,suzanne_williams,East,92569.59,0.81
1694,jennifer_ortiz,East,38146.45,0.63
1695,robin_henderson,North,25761.49,0.83
1696,mr_patrick_chapman_md,South,65976.51,0.8
1697,dennis_phillips,West,70565.37,0.66
1698,alexander_johnson,East,69282.46,0.91
1699,kayla_booth,West,83751.14,0.63
1700,mark_mcdaniel,North,54790.21,0.68
1701,michael_gibson,North,50747.75,0.67
1702,dr_daniel_moore,North,20080.09,0.81
1703,david_marshall,South,87520.8,0.92
1704,ryan_moore,North,34280.06,0.88
1705,steven_gonzales,South,87112.91,0.64
1706,michael_glover,South,38332.56,0.82
1707,martha_kim,East,14102.97,0.88
1708,patricia_smith,South,46080.53,0.82
1709,francisco_palmer,East,67830.51,0.79
1710,kathryn_schmidt,North,85587.76,0.89
1711,debra_collins,East,68912.53,0.91
1712,amy_anderson,West,31787.29,0.94
1713,jason_hobbs,East,18504.42,0.85
1714,david_chapman,East,37083.25,0.77
1715,christina_lawson,West,50924.05,0.87
1716,eddie_baker,West,44962.5,0.86
1717,patricia_orr,West,63918.53,0.75
1718,leslie_wise,South,28916.11,0.81
1719,james_webb,North,91549.43,0.82
1720,lacey_short,North,77893.57,0.68
1721,sharon_miller,East,74058.6,0.62
1722,adam_compton,West,87859.44,0.87
1723,ashley_rogers,North,52057.06,0.68
1724,john_watson,East,78216.26,0.76
1725,monica_rivera,West,62869.64,0.8
1726,fred_mata,North,86136.76,0.72
1727,madeline_murphy,South,22603.08,0.73
1728,james_mcmillan,West,10171.85,0.65
1729,cory_macdonald,North,43483.4,0.71
1730,tiffany_johnson,West,35153.68,0.89
1731,edgar_harrell,North,51483.41,0.77
1732,lee_bryan,East,29909.21,0.63
1733,olivia_craig,West,44908.64,0.84
1734,kimberly_hart,North,91689.21,0.69
1735,douglas_francis,West,93198.81,0.65
1736,patricia_duarte,East,68381.42,0.69
1737,andre_tyler,West,82159.31,0.92
1738,chase_ryan,West,93150.12,0.81
1739,spencer_barajas,East,72788.52,0.77
1740,jason_cole,South,34575.62,0.92
1741,michael_wilkerson,East,92283.88,0.69
1742,robert_neal,South,55020.3,0.83
1743,joshua_gregory,East,35209.56,0.64
1744,cindy_torres,North,36524.99,0.8
1745,lisa_cox,West,40031.96,0.79
1746,russell_rodriguez,North,74715.42,0.85
1747,michelle_brown,North,19959.09,0.88
1748,daniel_miller,West,85781.38,0.75
1749,kimberly_bowers,West,30472.76,0.93
1750,howard_jones,North,88503.25,0.79
1751,pamela_lam,East,43082.47,0.82
1752,katherine_mathews,West,49367.79,0.72
1753,wanda_sanchez,South,89204.41,0.9
1754,benjamin_reed,South,12696.72,0.75
1755,krystal_peters,East,73383.04,0.68
1756,linda_brooks,North,67133.8,0.93
1757,jorge_smith,South,77866.3,0.92
1758,bradley_collins,South,31985.1,0.84
1759,laura_miller,East,83040.86,0.63
1760,dr_lindsey_turner,South,18603.09,0.87
1761,christine_brennan,South,26050.98,0.88
1762,samantha_soto,South,10385.03,0.91
1763,jason_evans,North,90413.62,0.74
1764,stephen_schneider,East,39267.22,0.84
1765,caroline_caldwell,East,29030.25,0.88
1766,jessica_smith,West,72865.23,0.84
1767,paul_shelton,West,49585.06,0.75
1768,vickie_ruiz,West,97831.23,0.81
1769,melissa_smith,West,22115.24,0.9
1770,kathy_williams,South,29741.27,0.89
1771,jessica_taylor,South,16273.0,0.94
1772,andrew_hicks,North,59138.82,0.63
1773,mark_shaw,North,88049.11,0.85
1774,anthony_bryant,South,60444.24,0.91
1775,timothy_beltran,West,99728.49,0.71
1776,joel_barnes,North,52090.22,0.87
1777,brooke_young,West,13772.32,0.87
1778,mrs_debbie_gay_dvm,East,19559.47,0.63
1779,christopher_allen,South,53267.24,0.69
1780,alyssa_young,North,36538.48,0.79
1781,susan_alvarado,South,80509.61,0.9
1782,sarah_goodman,South,20222.86,0.77
1783,kathleen_edwards,East,18674.44,0.81
1784,peter_barrett,West,55795.61,0.76
1785,alison_gardner,East,27718.63,0.81
1786,george_wright,West,67645.47,0.65
1787,thomas_anderson,West,24004.06,0.88
1788,anne_wilkins,South,55357.45,0.82
1789,megan_ballard,South,95157.14,0.86
1790,christopher_owen,South,45776.14,0.84
1791,cory_johnson,South,22287.87,0.91
1792,kimberly_hamilton,North,45670.0,0.62
1793,travis_garcia,South,88387.91,0.64
1794,ebony_miller,West,99495.7,0.61
1795,amy_cain,West,88175.87,0.76
1796,keith_roberts,North,41362.63,0.87
1797,michael_weaver,West,46985.56,0.7
1798,jesse_hamilton,West,95172.32,0.87
1799,joseph_padilla,South,53721.7,0.91
1800,vickie_robertson,West,38730.3,0.93
1801,miranda_morris,South,69963.63,0.69
1802,craig_bailey,West,22014.97,0.7
1803,michelle_sullivan,East,77504.05,0.84
1804,rachel_thomas,West,76490.36,0.84
1805,william_garcia,South,41093.9,0.86
1806,candace_anderson,South,96632.39,0.83
1807,curtis_lewis,West,92892.52,0.87
1808,bradley_vasquez,West,85790.38,0.78
1809,diana_burke,North,51743.44,0.79
1810,robert_rice,West,37628.15,0.87
1811,matthew_moran,West,56045.88,0.64
1812,robert_morales,West,52256.94,0.66
1813,brandon_cameron,East,82288.82,0.8
1814,heather_harris,South,57962.14,0.95
1815,seth_larson,South,61165.15,0.72
1816,jon_anderson,South,47781.05,0.7
1817,robert_gomez,West,31345.72,0.65
1818,christopher_patel,West,12367.79,0.68
1819,ashley_campos,East,69091.4,0.61
1820,stephen_wallace,East,88303.27,0.87
1821,heather_wright,East,57591.1,0.74
1822,jason_branch,West,57615.47,0.71
1823,adam_ellis,South,86532.69,0.68
1824,stacey_johnson,West,60515.23,0.75
1825,heather_allison,East,64842.0,0.86
1826,megan_white,South,92664.83,0.78
1827,carolyn_thompson,West,21117.24,0.76
1828,gregory_johnson,East,68422.89,0.86
1829,stacey_austin,South,53253.74,0.91
1830,heather_phillips,North,60213.52,0.81
1831,sharon_frost,East,89817.4,0.64
1832,felicia_booker,East,33875.45,0.88
1833,john_jones,West,29366.36,0.87
1834,paige_kelley,North,97016.98,0.92
1835,lauren_walton,South,38096.47,0.95
1836,jared_morales,East,10298.06,0.93
1837,adam_dunn,West,79447.61,0.74
1838,angelica_hall,East,50174.38,0.91
1839,ann_smith,East,23639.82,0.62
1840,david_howell,North,21155.69,0.67
1841,adrian_nelson,South,68951.61,0.66
1842,christine_garza,East,73334.54,0.85
1843,ronald_wu,South,70612.82,0.65
1844,kenneth_barnes,West,65670.97,0.7
1845,marvin_jordan,North,90010.71,0.61
1846,phillip_peters,West,20467.74,0.91
1847,kenneth_winters_md,West,60295.31,0.8
1848,richard_rasmussen,South,98422.23,0.68
1849,samuel_rios,North,66234.6,0.87
1850,george_mitchell,South,74013.38,0.8
1851,michael_james,West,42411.35,0.81
1852,amanda_davis,East,68029.32,0.9
1853,mikayla_fisher,North,20179.49,0.75
1854,david_williams,West,59871.6,0.81
1855,joanna_kline,North,21836.73,0.75
1856,jennifer_butler,North,89228.22,0.62
1857,vanessa_friedman,East,45054.23,0.95
1858,jordan_smith,West,89730.44,0.9
1859,rachel_morgan,East,84279.11,0.81
1860,tony_miller,West,78727.54,0.77
1861,john_hunter,East,19885.86,0.6
1862,shannon_briggs,South,20379.97,0.89
1863,nicole_graves,South,94049.78,0.77
1864,kristen_good,South,97079.89,0.82
1865,sandy_tran,East,63839.24,0.7
1866,jerome_arnold,North,50077.76,0.62
1867,timothy_moss,East,61999.12,0.68
1868,catherine_barnes,South,96194.07,0.65
1869,melissa_parker,West,72297.62,0.78
1870,william_conley,North,63560.29,0.81
1871,karen_pollard,West,41149.96,0.71
1872,carla_scott,West,67073.17,0.83
1873,brian_scott,North,67170.85,0.65
1874,cole_taylor,North,46717.51,0.93
1875,edward_lewis,West,38486.16,0.67
1876,james_byrd,East,34049.37,0.7
1877,brenda_sanchez,South,12345.04,0.75
1878,andrew_cowan,South,19163.33,0.7
1879,elizabeth_russell,South,72742.65,0.67
1880,kim_lewis,East,23385.42,0.74
1881,emily_singh,East,37781.37,0.84
1882,luke_wheeler,East,85687.18,0.65
1883,christine_williams,South,25271.76,0.69
1884,danny_le,West,98580.05,0.9
1885,frederick_ware,West,91897.44,0.76
1886,jordan_rodriguez,West,38744.69,0.88
1887,kim_johnson,West,59522.95,0.68
1888,jason_navarro,North,19007.21,0.66
1889,patricia_martinez,South,97820.6,0.63
1890,jerome_mack,East,49978.32,0.9
1891,thomas_martinez,East,87184.37,0.91
1892,tracy_becker,East,43179.67,0.85
1893,kristin_chapman,East,35166.66,0.89
1894,vanessa_smith,South,73246.89,0.64
1895,rebecca_singh,South,26492.55,0.92
1896,calvin_bates,North,97878.82,0.61
1897,steven_santos,East,12456.97,0.73
1898,samantha_jordan,South,13074.53,0.63
1899,andrew_neal,East,55962.77,0.92
1900,zachary_dixon,East,22287.63,0.91
1901,donald_chavez,West,45294.5,0.86
1902,gabrielle_taylor,South,34496.66,0.72
1903,kevin_jimenez,South,74438.87,0.92
1904,patricia_martinez,North,44404.07,0.84
1905,travis_gomez,East,75885.33,0.74
1906,victoria_west,East,89855.61,0.8
1907,katie_preston,North,53572.67,0.83
1908,amy_bailey,South,91190.82,0.91
1909,melissa_stevens,North,21443.03,0.77
1910,dawn_johnston,West,34230.64,0.93
1911,gregory_jones,West,99553.49,0.8
1912,austin_fowler,South,13353.21,0.86
1913,caleb_evans,North,24527.92,0.9
1914,kevin_campos,North,17316.53,0.76
1915,priscilla_hall,South,70446.25,0.85
1916,zachary_buchanan,East,88869.03,0.6
1917,mercedes_marshall,East,98247.36,0.71
1918,jordan_martinez,West,91421.19,0.61
1919,michelle_branch,East,14867.16,0.92
1920,natasha_green,North,94924.47,0.62
1921,jonathan_flores,North,17600.0,0.67
1922,robin_ross,West,67385.5,0.8
1923,robert_fletcher,North,16623.9,0.67
1924,margaret_jones,South,74300.27,0.83
1925,kayla_walsh,East,98663.8,0.92
1926,brian_gregory,North,15645.84,0.77
1927,john_martin,South,49021.44,0.61
1928,steven_durham,South,13202.64,0.62
1929,stephanie_ruiz,North,84966.62,0.7
1930,chelsea_kelly,East,98936.41,0.72
1931,mario_ford,East,62832.47,0.72
1932,rebecca_malone,East,93769.0,0.84
1933,tom_rodriguez,North,66354.29,0.67
1934,jade_todd,North,18360.96,0.94
1935,jennifer_peters,East,50137.35,0.7
1936,ann_simon,South,72078.3,0.78
1937,heather_martinez,South,55286.03,0.88
1938,james_martin,West,85968.02,0.63
1939,amber_brown,South,91357.94,0.69
1940,veronica_torres,South,17854.0,0.9
1941,tiffany_martin,South,92587.04,0.84
1942,dr_kayla_henry,North,64325.94,0.82
1943,katie_clark,East,93647.46,0.68
1944,jacob_flores,North,95532.43,0.86
1945,anthony_moore,South,92743.51,0.75
1946,robert_thompson,North,72929.57,0.74
1947,mary_brown,East,57884.66,0.92
1948,susan_diaz,South,51575.1,0.76
1949,jennifer_roberts,East,71183.25,0.7
1950,nathaniel_rowe,West,39356.21,0.66
1951,jeffrey_peterson,South,65318.69,0.78
1952,mary_tucker,West,34950.97,0.73
1953,wendy_hill_phd,East,11478.9,0.86
1954,courtney_miller,East,52448.18,0.93
1955,james_lopez,West,66561.45,0.6
1956,donna_butler,East,83236.51,0.89
1957,jacqueline_brady,North,88821.72,0.61
1958,jessica_chen,South,67738.86,0.93
1959,janet_cordova,South,22904.27,0.76
1960,jamie_murphy,East,88169.7,0.75
1961,jason_barry,West,19222.07,0.64
1962,mrs_alexandria_farmer,East,85770.53,0.82
1963,ernest_sanchez,West,91702.28,0.72
1964,jessica_calhoun,West,37159.52,0.92
1965,jennifer_hamilton,North,33327.89,0.72
1966,christina_bartlett,South,69054.4,0.69
1967,tyrone_johnson,South,90043.77,0.79
1968,robert_payne,South,89152.24,0.63
1969,jay_ramirez,South,14202.07,0.95
1970,dr_christopher_cruz,North,10498.67,0.69
1971,clayton_clark,South,25708.11,0.93
1972,sarah_daniels,West,73006.13,0.63
1973,kelly_hill,South,14671.89,0.82
1974,cassandra_norton,North,78641.71,0.69
1975,douglas_matthews,East,16122.4,0.72
1976,scott_wilson,West,71954.53,0.72
1977,michael_hernandez,East,72703.84,0.75
1978,erin_barnett,East,36739.1,0.87
1979,amy_daniels,West,13992.1,0.81
1980,patricia_howard,West,76394.38,0.8
1981,alexandra_nunez,North,67989.97,0.79
1982,kelsey_martin,East,81191.49,0.63
1983,amanda_harrington,East,58673.52,0.8
1984,phillip_brown,West,95613.21,0.8
1985,caitlyn_jones,South,32450.81,0.8
1986,gabriella_livingston,South,20974.44,0.85
1987,mariah_kelly,West,89928.18,0.64
1988,kevin_flores,West,20622.08,0.7
1989,janet_ramos,West,58635.88,0.73
1990,brad_gutierrez,South,18995.36,0.88
1991,seth_mcdonald,East,56473.11,0.68
1992,cameron_roth,North,17037.56,0.67
1993,lee_jones,South,68952.99,0.67
1994,darren_morris,South,48290.54,0.84
1995,nicole_house,West,95343.61,0.83
1996,colton_hernandez,North,82006.53,0.61
1997,amber_robbins,North,25098.12,0.64
1998,william_rodriguez,East,49527.16,0.89
1999,stephen_pham,East,52694.36,0.73
2000,edward_beasley,North,80503.14,0.83
